num_selected_clients,round_id,round_duration,test_loss,test_accuracy,mal_loss,mal_accuracy,mal_confidence,num_malicious_clients,backdoor_accuracy,backdoor_loss,backdoor_confidence,timestamp,node_name,confusion_matrix
10,0,91.71359634399414,0.0014293959736824036,47.96,0.0003181853771209717,0.0,0.04150862991809845,5,100.0,1.1098270115326158e-07,0.9998894333839417,1769403234.0631764,federator,"[[871   0  56  51   3   0   0   0  19   0]
 [  3 961   6  24   5   0   0   0   1   0]
 [ 17   2 932  14  27   0   0   0   8   0]
 [ 32  15  54 886  10   0   1   0   2   0]
 [  2   2 444  47 500   0   0   0   5   0]
 [ 41  24  54 507  58   2   0   0 314   0]
 [319   2 497  30 131   0   0   0  21   0]
 [ 32   0  61 754  16   0   0  75  62   0]
 [ 42   3 296  90  29   0   0   0 540   0]
 [ 31   1 113 148  54   0   0   0 624  29]]"
10,1,91.93804383277893,0.003983337020874024,50.62,0.00017488195896148682,0.0,0.17397919297218323,6,100.0,1.1715420230757444e-06,0.998856246471405,1769403234.0631764,federator,"[[  0   0   0   0   0   8 963   2  27   0]
 [  0 323   0   0   0   1 501   3 171   1]
 [  0   0   0   0   0   5 990   1   4   0]
 [  0   0   0   0   0  10 824   3 157   6]
 [  0   0   0   0   0   1 991   0   8   0]
 [  0   0   0   0   0 939   0  44   2  15]
 [  0   0   0   0   0   4 961   1  34   0]
 [  0   0   0   0   0  31   0 944   0  25]
 [  0   0   0   0   0  10  24   5 961   0]
 [  0   0   0   0   0   9   2  54   1 934]]"
10,2,63.68513464927673,0.0023752293586730955,61.18,0.00045426225662231447,0.0,0.010645449161529541,0,71.55,0.0007551882565021515,0.6226009726524353,1769403234.0631764,federator,"[[893  12  38  36  21   0   0   0   0   0]
 [  2 989   1   5   3   0   0   0   0   0]
 [ 27   7 858   6 102   0   0   0   0   0]
 [ 34  89  25 794  58   0   0   0   0   0]
 [  1   7 108  28 856   0   0   0   0   0]
 [110  76 137 133  75 444   0  25   0   0]
 [329  25 276  19 351   0   0   0   0   0]
 [ 40   0  28  24  21   2   0 884   0   1]
 [295   8 135  66 495   0   0   1   0   0]
 [198  20  36  33 234   3   0  76   0 400]]"
10,3,62.073349475860596,0.003096780776977539,45.09,0.0006349082946777344,0.0,0.0017483498668298125,0,29.09,0.0015247756004333497,0.3357235789299011,1769403234.0631764,federator,"[[884   4  34  53  25   0   0   0   0   0]
 [  3 977   2  15   3   0   0   0   0   0]
 [ 29   1 832  16 122   0   0   0   0   0]
 [ 27  29  15 868  61   0   0   0   0   0]
 [  1   3  73  29 894   0   0   0   0   0]
 [183  45  69 607  79  17   0   0   0   0]
 [323   9 185  41 442   0   0   0   0   0]
 [ 78   0  34 840  15   0   0  33   0   0]
 [232   4 102 147 515   0   0   0   0   0]
 [305  18  28 232 413   0   0   0   0   4]]"
10,4,63.639055252075195,0.003673098111152649,44.57,0.0007720099449157715,0.0,0.00044381647603586316,0,6.87,0.002194265651702881,0.19534793496131897,1769403234.0631764,federator,"[[885   5  39  41  30   0   0   0   0   0]
 [  2 978   5  13   2   0   0   0   0   0]
 [ 27   1 857  10 105   0   0   0   0   0]
 [ 29  27  22 865  57   0   0   0   0   0]
 [  2   4  98  27 869   0   0   0   0   0]
 [324   9 161 424  82   0   0   0   0   0]
 [316   6 200  28 450   0   0   0   0   0]
 [119   0  80 778  20   0   0   3   0   0]
 [100   4 337  72 487   0   0   0   0   0]
 [240  16 160 203 381   0   0   0   0   0]]"
10,5,63.35699415206909,0.003372165274620056,55.16,0.0003859985113143921,0.0,0.021068312227725983,0,60.49,0.0010578416466712952,0.5099809169769287,1769403234.0631764,federator,"[[  0   0   0   0   0   5 955   7  33   0]
 [  0 809   0   0   0   0 176   4  11   0]
 [  0   0   0   0   0   0 978   2  20   0]
 [  0   5   0  19   0   0 892  14  69   1]
 [  0   0   0   0   0   0 948   0  52   0]
 [  0   0   0   0   0 857   0 124   3  16]
 [  0   0   0   0   0   0 953   3  43   1]
 [  0   0   0   0   0   4   0 980   0  16]
 [  0   0   0   0   0   1  17   8 973   1]
 [  0   0   0   0   0   5   1  68   1 925]]"
10,6,62.554808616638184,0.001694099795818329,69.23,0.00034226901531219484,0.0,0.03262455388903618,0,0.0,0.005640205907821655,0.008045538328588009,1769403234.0631764,federator,"[[894   3  43  42  18   0   0   0   0   0]
 [  2 980   4  12   2   0   0   0   0   0]
 [ 25   3 870   8  94   0   0   0   0   0]
 [ 31  27  35 873  34   0   0   0   0   0]
 [  5   5 109  44 837   0   0   0   0   0]
 [150   3  14 132  17 625   0  45   0  14]
 [331  10 249  25 385   0   0   0   0   0]
 [  9   0   2  19  12   9   0 907   0  42]
 [ 79   6 186 155 561   0   0   4   8   1]
 [ 13   2   5  13   7   0   0  31   0 929]]"
10,7,62.534297466278076,0.0030939253330230713,55.97,0.0007153642177581787,0.0,0.0007820106693543494,0,2.12,0.004417203140258789,0.050070397555828094,1769403234.0631764,federator,"[[  0   0   0   0   0  13 949   3  35   0]
 [  0 850   0   0   0   1 126   2  21   0]
 [  0   0   0   0   0   6 969   0  25   0]
 [  0   6   0  53   0   8 853  17  63   0]
 [  0   0   0   0   0   3 972   0  25   0]
 [  0   0   0   0   0 925   0  68   1   6]
 [  0   0   0   0   0   5 946   1  48   0]
 [  0   0   0   0   0   8   0 989   0   3]
 [  0   0   0   1   0  10  15   8 966   0]
 [  0   0   0   0   0   9   1 121   1 868]]"
10,8,62.12337279319763,0.0016067837119102478,68.67,0.0004285486698150635,0.0,0.013766918331384659,0,0.0,0.007447989702224732,0.0016172941541299224,1769403234.0631764,federator,"[[865   5  76  44  10   0   0   0   0   0]
 [  3 979   4  12   2   0   0   0   0   0]
 [ 14   1 940   3  42   0   0   0   0   0]
 [ 26  24  57 861  32   0   0   0   0   0]
 [  4   8 252  34 702   0   0   0   0   0]
 [154   4 113  46  10 601   0  55   0  17]
 [305   8 424  32 231   0   0   0   0   0]
 [ 16   1   8   3   0   1   0 938   0  33]
 [ 74  10 340  95 421   0   0   3  56   1]
 [ 10   3  10   7   1   1   0  43   0 925]]"
10,9,63.560314893722534,0.000838179486989975,78.46,0.0005151992797851562,0.0,0.00578785827383399,0,0.01,0.007733761787414551,0.0017021524254232645,1769403234.0631764,federator,"[[833   6  43  90  22   2   2   0   2   0]
 [  1 977   1  18   2   0   0   0   1   0]
 [ 24   2 850  17 102   0   3   0   2   0]
 [ 14  16  21 911  38   0   0   0   0   0]
 [  0   3  95  47 851   0   3   0   1   0]
 [  1   1   9  10   2 869   0  89   0  19]
 [273   6 245  82 353   1  32   0   7   1]
 [  0   0   1   0   0   6   0 979   0  14]
 [ 14   4  48  92 206   5   0  10 620   1]
 [  0   0   2   1   0   3   0  70   0 924]]"
10,10,84.2053382396698,0.0028726577043533324,58.11,0.0007109164237976074,0.0,0.0008175778784789145,5,17.9,0.0022370065689086916,0.23797084391117096,1769403234.0631764,federator,"[[  6   0   1   2   0  13 946   2  30   0]
 [  0 893   0   0   0   0  96   1  10   0]
 [  0   0   2   0   0   5 976   0  17   0]
 [  0  12   0 144   0   6 771   3  64   0]
 [  0   0   0   0   0   3 986   0  11   0]
 [  0   0   0   0   0 953   0  38   0   9]
 [  0   0   0   0   0   2 966   0  32   0]
 [  0   0   0   0   0  24   0 944   0  32]
 [  0   1   0   1   0  17  18   7 956   0]
 [  0   0   0   0   0   9   1  42   1 947]]"
10,11,89.32384395599365,0.0011423654437065125,76.24,0.00037312407493591307,0.0,0.02396308444440365,6,99.97,4.089350416325033e-06,0.9963175654411316,1769403234.0631764,federator,"[[884   1  53  38  19   0   0   1   4   0]
 [  2 976   4  16   2   0   0   0   0   0]
 [ 15   0 890   7  88   0   0   0   0   0]
 [ 27  11  38 879  45   0   0   0   0   0]
 [  0   3 113  32 851   0   1   0   0   0]
 [ 12   5  15  26   8 815   0  91   0  28]
 [303   4 302  30 356   0   0   0   5   0]
 [  0   0   3   6   0   4   0 930   0  57]
 [ 15   3 104 140 288   0   0   4 445   1]
 [  3   0   2  13   1   1   0  26   0 954]]"
10,12,80.95065355300903,0.0006444195985794068,81.16,0.00048480253219604494,0.0,0.00784385297447443,5,100.0,1.0700792248826475e-06,0.9989758729934692,1769403234.0631764,federator,"[[881   6  40  35  11   3  16   0   8   0]
 [  1 980   1  12   3   0   1   0   2   0]
 [ 19   3 888   6  67   1  14   0   2   0]
 [ 27  30  28 863  40   0  12   0   0   0]
 [  0   8 136  29 809   0  18   0   0   0]
 [  3   1   7   2   0 902   0  67   0  18]
 [303  12 262  29 293   0  91   0  10   0]
 [  0   0   1   0   0   5   0 960   0  34]
 [ 12   4  90  36  63   1   1   6 786   1]
 [  0   0   2   1   0   2   0  39   0 956]]"
10,13,63.41045665740967,0.0027509773969650268,55.17,0.0007455071926116944,0.0,0.0005785000394098461,0,93.73,0.00014726266711950303,0.9118762612342834,1769403234.0631764,federator,"[[  0   0   1   0   0   8 959   2  30   0]
 [  0 689   0   0   0   1 261   1  48   0]
 [  0   0   2   0   0   3 984   0  11   0]
 [  0   3   0  44   0   4 888   4  57   0]
 [  0   0   0   0  12   3 933   0  52   0]
 [  0   0   0   0   0 957   0  33   0  10]
 [  0   0   0   0   0   1 959   0  39   1]
 [  0   0   0   0   0  26   0 955   0  19]
 [  0   1   0   0   0  12  18   8 961   0]
 [  0   0   0   0   0   9   2  51   0 938]]"
10,14,60.77211380004883,0.0006664623379707337,81.55,0.0004858511447906494,0.0,0.007762028370052576,0,88.01,0.00031442170441150667,0.8190430402755737,1769403234.0631764,federator,"[[831   6  54  40  15   6  33   3  12   0]
 [  0 977   3  11   3   0   1   1   4   0]
 [  9   0 900   8  62   3  14   1   3   0]
 [ 21  26  31 859  45   1   9   3   5   0]
 [  0   2 174  26 781   1  12   0   4   0]
 [  0   0   2   1   0 897   0  75   0  25]
 [269  10 301  29 261   1 110   1  17   1]
 [  0   0   0   0   0   6   0 948   0  46]
 [  0   3  34  16  34   6   0  12 894   1]
 [  0   0   1   0   0   2   0  39   0 958]]"
10,15,61.543930768966675,0.0031698067903518676,54.35,0.0008742116928100586,0.0,0.00015971536049619317,0,13.37,0.002150406503677368,0.23362980782985687,1769403234.0631764,federator,"[[  0   0   1   0   0  11 967   3  18   0]
 [  0 615   0   0   0   2 359   1  23   0]
 [  0   0   0   0   0   3 990   1   6   0]
 [  0   3   0  53   0   6 906   7  25   0]
 [  0   0   0   0   1   3 988   0   8   0]
 [  0   0   0   0   0 945   0  46   0   9]
 [  0   0   0   0   0   3 963   2  32   0]
 [  0   0   0   0   0  12   0 971   0  17]
 [  0   0   0   1   0  11  20   7 961   0]
 [  0   0   0   0   0  11   2  61   0 926]]"
10,16,61.610843658447266,0.0016049345731735229,70.9,0.0005083230972290039,0.0,0.006199844181537628,0,2.23,0.0034974302530288697,0.06777986884117126,1769403234.0631764,federator,"[[850   2  63  77   7   0   0   0   1   0]
 [  2 974   5  18   1   0   0   0   0   0]
 [ 14   1 932  18  35   0   0   0   0   0]
 [ 14  16  29 921  20   0   0   0   0   0]
 [  3   2 238  70 686   0   0   0   1   0]
 [ 21   2  40 182   0 699   0  37   0  19]
 [275   7 406  89 221   0   0   0   2   0]
 [  8   0   5  24   0   5   0 888   0  70]
 [ 72   5 311 210 203   0   0   2 196   1]
 [  4   0   6  20   1   0   0  25   0 944]]"
10,17,63.114562034606934,0.0008815371751785279,77.96,0.0007229208946228028,0.0,0.0007250941125676036,0,1.52,0.004407891941070556,0.04228542000055313,1769403234.0631764,federator,"[[870  12  40  50   6   1  14   2   5   0]
 [  1 984   7   5   1   0   1   0   1   0]
 [ 24   1 907  13  41   1  11   1   0   1]
 [ 20  63  21 865  22   0   8   1   0   0]
 [  2  10 267  61 649   0   9   0   2   0]
 [  1   1  15   4   0 891   0  71   0  17]
 [284  16 323  61 238   0  71   1   6   0]
 [  1   0   1   2   0   5   0 958   0  33]
 [ 67   5 144  92  33   1   1   6 650   1]
 [  0   0   3   5   0   4   0  37   0 951]]"
10,18,62.26431703567505,0.0009588981032371521,70.24,0.0007705694198608398,0.0,0.0004502559604588896,0,2.08,0.004933126449584961,0.045484211295843124,1769403234.0631764,federator,"[[345   1   4  15   0  13 595   2  25   0]
 [  0 970   0   4   0   2  20   1   3   0]
 [  4   1 208   2   6   5 751   0  22   1]
 [  2  57   1 582   3  10 318   2  25   0]
 [  1   3  23   6 292   4 625   0  46   0]
 [  0   0   0   0   0 950   0  40   0  10]
 [ 46   2  13   8  39   7 831   1  53   0]
 [  0   0   0   0   0  19   0 953   0  28]
 [  1   2   0   7   1  16  11  11 950   1]
 [  0   0   0   0   0  12   0  44   1 943]]"
10,19,62.40128183364868,0.0014980955123901367,72.77,0.0004202578067779541,0.0,0.014956964179873466,0,0.14,0.006518693208694458,0.0077898153103888035,1769403234.0631764,federator,"[[913   1  28  41  17   0   0   0   0   0]
 [  3 975   2  13   7   0   0   0   0   0]
 [ 28   0 818  13 141   0   0   0   0   0]
 [ 30  12  14 885  59   0   0   0   0   0]
 [  1   1  55  28 914   0   0   0   1   0]
 [ 10   0  32  47  22 815   0  55   0  19]
 [342   1 195  32 429   0   1   0   0   0]
 [  1   0   5   2   4   7   0 941   0  40]
 [ 97   2 124  81 607   0   0   2  86   1]
 [  5   0   5  11  13   2   0  35   0 929]]"
10,20,87.00841522216797,0.0009937671065330506,68.9,0.0005331832885742188,0.0,0.004835198633372784,6,100.0,2.8768837684765457e-06,0.9973857402801514,1769403234.0631764,federator,"[[324   1   4  10   1   9 595   1  55   0]
 [  0 964   0   2   1   0  23   1   9   0]
 [  4   0 192   0   9   4 755   0  36   0]
 [  2  43   0 525   8   7 335   2  78   0]
 [  1   2  18   5 288   3 550   0 133   0]
 [  0   0   0   1   0 942   0  48   0   9]
 [ 62   1  24   2  46   7 794   0  64   0]
 [  0   0   0   0   0  12   0 952   0  36]
 [  1   2   0   8   7  12   3   7 958   2]
 [  0   0   0   0   0   7   0  41   1 951]]"
10,21,85.00284075737,0.0006190568387508393,80.89,0.00043096480369567874,0.0,0.013438278809189796,6,100.0,2.078172913752496e-06,0.9980738162994385,1769403234.0631764,federator,"[[855   2  22  35  11   4  61   0  10   0]
 [  1 973   1  13   2   0   8   0   2   0]
 [ 22   0 853   8  73   2  40   0   2   0]
 [ 23  27  19 858  34   0  36   0   3   0]
 [  1   5 116  27 804   0  42   0   5   0]
 [  1   0   2   1   2 886   0  94   0  14]
 [259   5 244  34 276   0 167   0  14   1]
 [  0   0   0   1   0   5   0 949   0  45]
 [ 22   3  26  26 114   1   1  13 793   1]
 [  2   0   0   1   1   4   0  40   1 951]]"
10,22,61.19240069389343,0.0009667662620544433,70.24,0.0008496284484863281,0.0,0.00020422581292223185,0,99.08,3.0185243114829063e-05,0.9764060378074646,1769403234.0631764,federator,"[[313   0   7  13   0  11 634   2  20   0]
 [  0 949   0   6   1   2  29   1  12   0]
 [  6   0 180   1  10   8 787   1   7   0]
 [  1  14   1 607   5   6 325   6  35   0]
 [  1   0  13   3 338   4 620   0  21   0]
 [  0   0   0   1   0 959   0  33   0   7]
 [ 59   0  17   5  32   8 847   1  31   0]
 [  0   0   0   0   0  27   0 949   0  24]
 [  1   2   0   6   3  14  17  14 942   1]
 [  0   0   0   0   0  12   0  47   1 940]]"
10,23,60.797067642211914,0.0029073825359344483,56.62,0.00093197021484375,0.0,8.964056905824691e-05,0,89.54,0.00025355360954999924,0.8604940176010132,1769403234.0631764,federator,"[[ 17   0   2   1   0  15 937   2  26   0]
 [  0 818   0   0   0   5 147   0  30   0]
 [  0   0   3   0   0   6 983   0   8   0]
 [  0   7   0  56   0   9 803   6 119   0]
 [  0   0   1   0  14   3 963   0  19   0]
 [  0   0   0   0   0 970   0  23   0   7]
 [  0   0   1   0   2   5 961   1  30   0]
 [  0   0   0   0   0  42   0 937   0  21]
 [  0   1   0   1   0  21  23   9 944   1]
 [  0   0   0   0   0  10   2  46   0 942]]"
10,24,62.49088644981384,0.001389931893348694,65.57,0.0008121049880981446,0.0,0.0002972164948005229,0,88.0,0.00031987810730934143,0.8273139595985413,1769403234.0631764,federator,"[[263   0   4   7   1  11 686   2  26   0]
 [  0 922   0   1   0   2  64   0  10   1]
 [  4   0  85   1   3   5 889   0  13   0]
 [  2  12   1 419   1   4 493   6  62   0]
 [  1   0  11   2 162   2 795   0  27   0]
 [  0   0   0   0   0 956   0  32   0  12]
 [ 43   0   6   3  13   3 889   1  40   2]
 [  0   0   0   0   0  16   0 952   0  32]
 [  1   2   0   5   2  11   9  12 958   0]
 [  0   0   0   0   0   7   2  40   0 951]]"
10,25,61.241488456726074,0.0007058165371418,81.18,0.000712431287765503,0.0,0.0008052859921008348,0,82.66,0.00047224131524562836,0.7415969371795654,1769403234.0631764,federator,"[[842   6  51  43  11   6  30   1  10   0]
 [  2 978   4  12   3   0   0   0   1   0]
 [ 11   0 888  10  48   3  34   0   4   2]
 [ 21  30  28 876  28   0  15   1   1   0]
 [  1   3 201  44 726   1  22   0   2   0]
 [  0   0   2   1   0 939   0  45   0  13]
 [262   6 298  44 198   2 173   0  15   2]
 [  0   0   0   1   0  13   0 944   0  42]
 [ 12   3  53  55  45   4   0  21 805   2]
 [  1   0   2   0   1   8   0  41   0 947]]"
10,26,61.98806047439575,0.003130750799179077,56.87,0.0009924276351928711,0.0,4.897129110759124e-05,0,70.84,0.0008358178079128266,0.6641746759414673,1769403234.0631764,federator,"[[ 17   0   1   1   0  12 929   3  37   0]
 [  0 833   0   0   0   2 131   0  34   0]
 [  0   0   4   0   0   5 978   0  13   0]
 [  1   7   0  60   0   7 794   4 127   0]
 [  0   0   1   0  12   1 946   0  40   0]
 [  0   0   0   0   0 968   0  26   0   6]
 [  0   0   0   0   0   4 960   0  36   0]
 [  0   0   0   0   0  28   0 957   0  15]
 [  1   1   0   1   0  17  14   8 958   0]
 [  0   0   0   0   0  14   3  65   0 918]]"
10,27,61.68718218803406,0.0007989299535751343,80.64,0.0006745110034942627,0.0,0.0011766189709305763,0,34.07,0.001800894606113434,0.353835791349411,1769403234.0631764,federator,"[[855   3  27  57  21   8  18   0  10   1]
 [  1 976   1  11   6   0   1   0   3   1]
 [ 18   1 812  13 128   5  20   1   2   0]
 [ 20  29  21 863  53   0  11   1   2   0]
 [  1   1  74  23 892   1   7   0   1   0]
 [  0   0   1   1   0 943   0  40   0  15]
 [250   2 176  71 398   4  85   0  10   4]
 [  0   0   0   1   0  17   0 936   0  46]
 [ 30   3  26  36 128  18   0  10 748   1]
 [  2   0   1   0   1   8   0  34   0 954]]"
10,28,60.82136559486389,0.0008137157261371613,78.58,0.0007178544998168946,0.0,0.0007627767627127469,0,34.8,0.001840722155570984,0.3365263044834137,1769403234.0631764,federator,"[[837   8  36  68   8   3  34   0   6   0]
 [  1 981   4   7   4   0   1   0   2   0]
 [ 15   1 898  15  53   2  14   0   2   0]
 [ 16  48  29 871  23   0   9   1   3   0]
 [  2   1 202  53 734   0   5   0   3   0]
 [  0   0   7  17   0 907   0  53   0  16]
 [239   9 293  80 276   2  91   0  10   0]
 [  1   0   2   0   0  10   0 940   0  47]
 [ 37   3 175  44  77   1   0   6 656   1]
 [  3   0   7   2   1   5   0  39   0 943]]"
10,29,60.7379047870636,0.0035476111888885498,56.83,0.0008989729881286621,0.0,0.00012468374916352332,0,57.67,0.0014637808799743653,0.5270050764083862,1769403234.0631764,federator,"[[ 12   0   2   1   0  14 948   2  21   0]
 [  0 864   0   0   0  17 100   0  18   1]
 [  0   0   3   0   0   6 983   0   8   0]
 [  0  21   0  41   0  20 850   3  65   0]
 [  0   0   1   0   5   4 973   0  17   0]
 [  0   0   0   0   0 949   0  42   0   9]
 [  0   0   0   0   0   7 958   1  34   0]
 [  0   0   0   0   0  12   0 968   0  20]
 [  1   1   0   1   0  14  15  12 956   0]
 [  0   0   0   0   0  10   1  62   0 927]]"
10,30,86.36506652832031,0.0006902565002441406,80.25,0.0003017422676086426,0.0,0.04892716184258461,6,99.93,2.4715120787732305e-06,0.9979721903800964,1769403234.0631764,federator,"[[807   3  24  49   8   2  79   1  27   0]
 [  1 970   3   9   6   0   7   0   4   0]
 [ 19   0 838   7  59   1  68   1   7   0]
 [ 21  38  22 839  30   0  26   2  22   0]
 [  3   1 164  36 740   0  30   0  26   0]
 [  3   1   1   5   0 783   0 183   0  24]
 [221   4 199  46 229   1 268   0  31   1]
 [  1   0   0   0   0   1   0 962   0  36]
 [ 17   1  25  19  31   0   1  17 889   0]
 [ 13   0   2   0   1   2   0  53   0 929]]"
10,31,84.59629082679749,0.0010891010284423829,68.59,0.0005858488082885742,0.0,0.002855557482689619,6,99.92,2.3032257682643832e-06,0.9981595873832703,1769403234.0631764,federator,"[[204   0   4  15   1   9 732   1  34   0]
 [  0 938   2   4   2   1  45   0   8   0]
 [  2   0 127   2  15   6 831   0  17   0]
 [  3  33   2 635  16   4 256   2  49   0]
 [  1   0  12   5 343   1 578   0  60   0]
 [  0   0   1   1   0 931   0  58   0   9]
 [ 41   1  21  12  40   4 830   1  50   0]
 [  0   0   0   0   0   9   0 969   0  22]
 [  5   1   2   9   8   9   5  16 945   0]
 [  0   0   0   0   0   5   1  57   0 937]]"
10,32,62.818570375442505,0.0032457104444503786,56.33,0.0009668520927429199,0.0,6.324335117824376e-05,0,96.37,8.650339543819427e-05,0.9484165906906128,1769403234.0631764,federator,"[[  5   0   2   1   0  13 954   1  24   0]
 [  0 775   0   0   0   0 215   0  10   0]
 [  0   0   8   0   0   3 980   0   9   0]
 [  0   9   0  70   0   9 851   5  55   1]
 [  0   0   1   0  10   2 976   0  11   0]
 [  0   0   0   0   0 962   0  33   0   5]
 [  0   0   0   1   1   3 963   0  32   0]
 [  0   0   0   0   0  18   0 964   0  18]
 [  0   1   0   2   0  15  16  14 952   0]
 [  0   0   0   0   0  15   1  60   0 924]]"
10,33,61.063796043395996,0.0007366055846214295,81.56,0.0006162741661071777,0.0,0.002106470288708806,0,83.24,0.0004722419321537018,0.7880176901817322,1769403234.0631764,federator,"[[833   3  28  54   8   9  50   1  13   1]
 [  3 975   6   9   2   0   4   0   1   0]
 [ 24   0 844   8  79   2  37   0   6   0]
 [ 22  29  17 870  28   2  26   1   5   0]
 [  3   1 118  37 814   0  24   0   3   0]
 [  0   0   3   2   0 937   0  44   0  14]
 [250   2 200  64 295   4 173   0  11   1]
 [  0   0   0   0   0  17   0 936   0  47]
 [ 35   3  44  31  35  10   2  13 824   3]
 [  3   0   1   1   1   5   0  39   0 950]]"
10,34,60.013617277145386,0.001050616431236267,70.37,0.000866390609741211,0.0,0.00017270837270189077,0,80.58,0.0005456482231616974,0.7574731111526489,1769403234.0631764,federator,"[[375   0   4  12   0  11 571   1  26   0]
 [  1 946   1   5   1   0  36   0  10   0]
 [  8   0 165   1  23   5 776   0  22   0]
 [  7  24   2 570  13   3 320   2  59   0]
 [  1   0  17   7 385   2 534   1  53   0]
 [  0   0   0   0   0 963   0  26   0  11]
 [ 69   0  20   9  43   3 808   0  46   2]
 [  0   0   0   0   0  26   0 931   0  43]
 [  9   2   1   7   3  16   6  12 944   0]
 [  0   0   0   0   0  10   1  39   0 950]]"
10,35,61.66387891769409,0.001564749276638031,71.98,0.0006165982723236084,0.0,0.002099654171615839,0,55.92,0.0011955935001373291,0.48769375681877136,1769403234.0631764,federator,"[[935   3  25  30   6   0   0   0   1   0]
 [  5 976   4  13   2   0   0   0   0   0]
 [ 35   0 908  13  44   0   0   0   0   0]
 [ 57  30  22 852  39   0   0   0   0   0]
 [ 10   3 223  25 739   0   0   0   0   0]
 [ 58   1  13  28   0 837   0  42   0  21]
 [354   8 327  42 264   0   4   0   1   0]
 [ 25   0   4   6   0   5   0 900   0  60]
 [288   8 205 144 189   0   0  14 135  17]
 [ 42   0   5   6   1   3   0  31   0 912]]"
10,36,63.30573558807373,0.0018135116338729859,71.14,0.0006532983779907227,0.0,0.0014546593884006143,0,32.83,0.0019466816067695617,0.314186155796051,1769403234.0631764,federator,"[[903   4  40  32  19   0   2   0   0   0]
 [  5 971   7  11   6   0   0   0   0   0]
 [ 23   0 892  12  73   0   0   0   0   0]
 [ 42  16  33 851  58   0   0   0   0   0]
 [  6   2 149  19 823   0   0   0   1   0]
 [ 31   0  73  30   5 803   0  40   0  18]
 [326   3 245  37 383   0   5   0   1   0]
 [  8   0   5   5   9   7   0 922   0  44]
 [ 83   3 278  81 499   0   0   6  46   4]
 [ 18   0  19  11  12   2   0  40   0 898]]"
10,37,62.76086759567261,0.000995183128118515,77.48,0.0011143926620483398,0.0,1.4462862964137457e-05,0,33.33,0.0018535175919532777,0.35190248489379883,1769403234.0631764,federator,"[[895   3  20  48  15   1  15   0   3   0]
 [  1 982   4   8   4   0   1   0   0   0]
 [ 30   1 875  17  69   1   7   0   0   0]
 [ 30  43  19 864  34   0  10   0   0   0]
 [  4   8 150  43 791   0   2   0   2   0]
 [  2   1   1   9   0 931   0  39   0  17]
 [312   7 216  52 374   0  34   0   5   0]
 [  4   0   1   1   0  23   0 922   0  49]
 [ 86   8 121  60 178   3   1  17 522   4]
 [ 11   1   5   3   1   8   0  39   0 932]]"
10,38,62.03453469276428,0.001616097104549408,71.96,0.0010350983619689942,0.0,3.1961335480445996e-05,0,23.54,0.0019608170747756957,0.2873647212982178,1769403234.0631764,federator,"[[862   5  51  50  29   0   3   0   0   0]
 [  1 971   7  13   8   0   0   0   0   0]
 [ 24   0 874  11  89   0   2   0   0   0]
 [ 23  14  28 874  60   0   1   0   0   0]
 [  2   2 127  17 851   0   0   0   1   0]
 [ 45   0  29  14   7 868   0  30   0   7]
 [270   6 241  64 413   0   5   0   1   0]
 [ 24   0  10   4   7  37   0 862   0  56]
 [ 55   1 329 101 368   1   0   6 132   7]
 [ 36   0  15   5  10   5   0  32   0 897]]"
10,39,61.89841890335083,0.000997715413570404,73.03,0.0012966166496276856,0.0,2.3381135179079138e-06,0,18.8,0.0025431949853897094,0.24871879816055298,1769403234.0631764,federator,"[[377   7   9  15   3  13 554   1  21   0]
 [  0 978   0   4   2   1  12   0   2   1]
 [  5   2 421   0  22   4 534   0  11   1]
 [  3 131   2 608   7   4 226   1  18   0]
 [  1  13  42  11 419   3 480   0  31   0]
 [  0   1   0   0   0 949   0  37   0  13]
 [ 59   8  61  15  71   3 748   0  32   3]
 [  0   0   0   0   0  23   0 920   0  57]
 [  3   6   8  12  13  13   7  15 920   3]
 [  0   0   1   0   0   8   0  28   0 963]]"
10,40,86.0534553527832,0.0007164373159408569,79.48,0.000997017765045166,0.0,4.677423930843361e-05,6,99.96,1.7234752769581973e-06,0.9986147284507751,1769403234.0631764,federator,"[[826  10  27  48   5   3  58   0  23   0]
 [  1 976   3  11   3   0   4   0   1   1]
 [ 18   3 880   7  44   1  40   0   7   0]
 [ 19  61  19 830  28   0  32   0  11   0]
 [  2   9 212  31 692   0  26   0  28   0]
 [  5   2   2   9   0 870   0  93   2  17]
 [234  13 259  52 200   0 210   0  31   1]
 [  2   0   1   3   0   7   0 933   0  54]
 [ 21   4  75  34  43   2   1  19 798   3]
 [ 16   0   3   8   3   4   0  33   0 933]]"
10,41,85.7520534992218,0.0014916881322860718,69.31,0.0009406578063964843,0.0,8.218172297347337e-05,6,99.99,9.398096182849258e-07,0.9991568326950073,1769403234.0631764,federator,"[[904   3  38  39   9   0   1   0   6   0]
 [  1 977   5  14   3   0   0   0   0   0]
 [ 24   3 926   8  39   0   0   0   0   0]
 [ 39  22  39 873  27   0   0   0   0   0]
 [  3   3 232  37 725   0   0   0   0   0]
 [ 90   1  19  92   0 703   0  85   2   8]
 [302   6 377  69 240   0   1   0   5   0]
 [ 63   0   7   8   1   0   0 872   0  49]
 [ 82   6 329 178 167   0   0   6 230   2]
 [175   0  15  32  35   0   0  22   1 720]]"
10,42,65.62748122215271,0.0008543810606002807,76.95,0.0009867206573486327,0.0,5.184737528907135e-05,0,99.99,1.4064550370676443e-06,0.9987713098526001,1769403234.0631764,federator,"[[871   5  27  28  13   4  44   0   8   0]
 [  1 979   6   7   4   0   2   0   1   0]
 [ 25   1 880   6  43   1  39   0   4   1]
 [ 34  60  25 799  27   0  47   2   6   0]
 [  3   6 213  30 699   1  45   0   3   0]
 [ 17   2   5  10   2 878   0  61   2  23]
 [261  11 245  34 235   0 199   0  13   2]
 [ 12   0   0   1   5   6   0 940   0  36]
 [ 55   3  79  63 228   5   1  24 535   7]
 [ 15   0   4   1  13   4   0  47   1 915]]"
10,43,67.26748180389404,0.003528741812705994,55.06,0.0016176858901977538,0.0,9.429304981267705e-08,0,97.76,5.682535320520401e-05,0.9684411287307739,1769403234.0631764,federator,"[[ 27   0   3   1   1  14 939   1  14   0]
 [  0 619   0   0   0   6 356   0  19   0]
 [  1   0   7   0   0   8 976   0   8   0]
 [  0   6   0  79   0  10 865   3  35   2]
 [  0   0   1   0   6   1 980   0  12   0]
 [  0   0   0   0   0 967   0  29   0   4]
 [  0   0   0   1   1   2 967   0  29   0]
 [  0   0   0   0   0  23   0 956   0  21]
 [  1   0   0   2   0  16  22  11 948   0]
 [  0   0   0   0   0  15   3  52   0 930]]"
10,44,60.84467005729675,0.0014228713035583497,66.42,0.0011370269775390625,0.0,1.1533325960044749e-05,0,98.2,4.612420871853828e-05,0.9728184342384338,1769403234.0631764,federator,"[[272   0   5  12   2  11 664  10  24   0]
 [  0 931   1   4   0   1  54   3   5   1]
 [  4   0 183   1   8   4 784   2  12   2]
 [  5  25   3 595   5   1 320  26  19   1]
 [  1   4  19   6 166   1 754   3  46   0]
 [  0   1   0   1   0 821   0 158   0  19]
 [ 37   0  15  15  20   3 860   5  44   1]
 [  0   0   0   0   0   5   0 982   0  13]
 [  2   1   3   7   7  13   7  34 926   0]
 [  1   0   1   0   0   4   1  87   0 906]]"
10,45,61.96952199935913,0.003697034168243408,53.76,0.001363297748565674,0.0,1.20025333671947e-06,0,87.2,0.00036603931784629824,0.8472375273704529,1769403234.0631764,federator,"[[ 13   0   4   1   0  15 938   1  28   0]
 [  0 524   0   0   0   6 453   0  17   0]
 [  0   0   6   0   0   5 973   0  14   2]
 [  0   4   0  71   0  12 850   3  55   5]
 [  0   0   0   0   7   0 949   0  44   0]
 [  0   0   0   0   0 970   0  23   0   7]
 [  0   0   0   1   1   2 955   0  40   1]
 [  0   0   0   0   0  24   0 959   0  17]
 [  0   0   0   3   1  24  16   9 947   0]
 [  0   0   1   0   0  15   1  59   0 924]]"
10,46,60.05942893028259,0.0021372053623199463,62.56,0.001167605495452881,0.0,8.494815119775012e-06,0,73.8,0.0008434762299060821,0.6958364844322205,1769403234.0631764,federator,"[[166   0   3   3   1  20 776   3  28   0]
 [  0 932   0   1   1   3  49   0  12   2]
 [  6   0  67   0   2  10 894   0  18   3]
 [  1  58   2 281   2  11 536   6  97   6]
 [  1   2   4   2 115   4 843   1  28   0]
 [  0   0   0   0   0 965   0  26   0   9]
 [ 23   1   4   2  11   8 899   0  50   2]
 [  0   0   0   0   0  25   0 946   0  29]
 [  1   4   0   2   2  21   9  16 943   2]
 [  0   0   1   0   0  11   0  46   0 942]]"
10,47,62.82308387756348,0.0016818102836608888,64.53,0.0012006307601928712,0.0,6.105576630943688e-06,0,70.28,0.0010840176105499269,0.664077639579773,1769403234.0631764,federator,"[[167   0   4   7   2  14 778   1  27   0]
 [  0 933   1   1   0   3  54   0   7   1]
 [  6   0 102   0   7   8 862   0  14   1]
 [  2  39   1 373   2   9 509   3  62   0]
 [  1   1   8   2 196   2 754   1  35   0]
 [  0   1   0   0   0 966   0  27   0   6]
 [ 26   1   9   3  28   6 878   0  47   2]
 [  0   0   0   0   0  21   0 950   0  29]
 [  1   2   1   3   9  22   5  10 947   0]
 [  0   0   0   0   0   9   0  49   1 941]]"
10,48,60.5496461391449,0.0036039753675460814,57.16,0.0011965327262878419,0.0,6.3609845710743684e-06,0,42.32,0.00276782546043396,0.3945164680480957,1769403234.0631764,federator,"[[ 17   0   2   1   0  15 926   3  36   0]
 [  0 803   0   0   0   4 174   0  19   0]
 [  0   0   2   0   0   5 971   0  20   2]
 [  0   9   0 140   0   7 710  11 118   5]
 [  0   0   0   0   3   2 934   1  59   1]
 [  0   0   0   0   0 951   0  32   0  17]
 [  1   0   0   1   2   4 947   1  44   0]
 [  0   0   0   0   0  12   0 971   0  17]
 [  0   1   0   2   0  20  14  11 952   0]
 [  0   0   0   0   0  10   1  59   0 930]]"
10,49,61.39492583274841,0.0008573576152324676,79.34,0.0006696599960327148,0.0,0.0012351040495559573,0,3.51,0.004580324506759643,0.06580027937889099,1769403234.0631764,federator,"[[815   3  31  59   8   5  73   0   5   1]
 [  1 973   6  11   4   0   4   0   1   0]
 [ 22   0 861  11  55   2  45   1   2   1]
 [ 23  17  24 881  26   0  27   0   2   0]
 [  4   1 169  43 759   0  21   0   3   0]
 [  0   1   1  13   0 893   0  75   1  16]
 [225   6 231  75 248   2 199   0  12   2]
 [  0   0   0   1   0  10   0 960   0  29]
 [ 37   1  48  72 121   8   1  35 661  16]
 [  4   0   2   1   3   9   0  49   0 932]]"
10,50,85.69345164299011,0.001623910689353943,61.41,0.001306786823272705,0.0,2.1120156361575937e-06,6,100.0,3.226829383695673e-11,1.0,1769403234.0631764,federator,"[[293   0   5  13   0   0 368   0 321   0]
 [  0 922   1   2   0   0   7   0  68   0]
 [  6   0 262   0  22   0 578   0 132   0]
 [  2   7   1 422   3   0  69   0 496   0]
 [  0   0  51   1 292   0 231   0 425   0]
 [  1   0   3  31   0 639   0  61 262   3]
 [ 46   0  33   6  51   0 597   0 267   0]
 [  8   0   0   1   0   2   0 923  58   8]
 [  2   1   3   5   4   2   1   5 976   1]
 [  6   0   1   3   1   2   1  71 100 815]]"
10,51,83.14858198165894,0.001367310130596161,65.6,0.0012629310607910156,0.0,3.274614073234261e-06,6,100.0,2.416414803363409e-10,0.9999998211860657,1769403234.0631764,federator,"[[257   0   4  20   0   2 575   0 142   0]
 [  0 939   1   5   0   0  24   0  31   0]
 [  7   0 150   0  14   1 756   0  72   0]
 [  1  15   1 570   4   0 140   0 269   0]
 [  0   1  36   5 244   0 411   0 303   0]
 [  1   0   2  12   0 828   0  54  96   7]
 [ 36   0  19   6  29   0 771   0 138   1]
 [  8   0   0   1   0   5   0 954  20  12]
 [  4   2   2   7   4   2   2   6 971   0]
 [  4   0   0   3   2   7   1  73  34 876]]"
10,52,63.55536222457886,0.0014147146344184877,67.35,0.0013982364654541017,0.0,8.463233029942785e-07,0,100.0,2.992050885950448e-07,0.9997205138206482,1769403234.0631764,federator,"[[163   2   3  24   1  15 760   1  31   0]
 [  0 958   0   7   1   0  24   0  10   0]
 [  3   0  85   0  14   6 874   0  18   0]
 [  1  48   1 672  11   5 219   2  41   0]
 [  1   3  14   8 247   2 617   0 108   0]
 [  0   1   0   1   0 936   0  51   0  11]
 [ 26   3  11  17  32   3 858   0  48   2]
 [  0   0   0   0   0  12   0 970   0  18]
 [  3   2   2  11  11  16   4  21 930   0]
 [  1   0   0   0   0  12   1  70   0 916]]"
10,53,62.714224338531494,0.0018104219675064087,71.36,0.0007313156127929688,0.0,0.0006667095585726202,0,99.6,9.722335543483496e-06,0.9935098886489868,1769403234.0631764,federator,"[[895   8  36  40   7   0  12   1   1   0]
 [  4 981   6   7   2   0   0   0   0   0]
 [ 27   1 901   9  60   0   2   0   0   0]
 [ 40  35  25 876  22   0   2   0   0   0]
 [  4   4 186  42 763   0   0   0   1   0]
 [ 94   1  37  56   0 743   0  58   0  11]
 [311   8 313  59 293   0  14   0   1   1]
 [ 25   0   0  10   0   5   0 942   0  18]
 [213   5 212 163 166   1   0  17 217   6]
 [ 79   0  27  21   3   6   0  58   2 804]]"
10,54,59.41232371330261,0.001165216588973999,69.96,0.0012523344993591308,0.0,3.6406609069672413e-06,0,99.49,1.5198124200105667e-05,0.9902804493904114,1769403234.0631764,federator,"[[298   1   2  10   2  10 654   3  20   0]
 [  0 947   0   2   0   3  37   0  11   0]
 [  3   0 172   0  30   3 776   1  15   0]
 [  6  48   1 609   9   6 277   4  36   4]
 [  1   4  22  10 388   2 503   1  69   0]
 [  0   0   0   1   0 929   0  50   0  20]
 [ 59   2  22   6  49   5 813   0  43   1]
 [  0   0   0   0   0  10   0 963   0  27]
 [  5   1   5   6  10  15   5  21 932   0]
 [  1   0   0   0   0   6   1  47   0 945]]"
10,55,60.03968071937561,0.0008076008975505829,79.75,0.000952712345123291,0.0,7.28488594177179e-05,0,99.23,2.62705959379673e-05,0.9818319082260132,1769403234.0631764,federator,"[[776   3  38  41   8   2 117   2  12   1]
 [  0 975   2  10   4   0   5   0   2   2]
 [ 17   1 830   6  78   1  60   0   4   3]
 [ 20  32  22 844  34   0  36   1  11   0]
 [  1   1 144  26 793   0  26   0   9   0]
 [  1   2   1   3   0 849   0 111   3  30]
 [207   5 187  44 313   1 219   0  22   2]
 [  0   0   0   1   0   6   0 972   0  21]
 [  8   3  47  21  83   1   3  28 801   5]
 [  4   0   3   6   8   2   0  60   1 916]]"
10,56,59.412370920181274,0.0009847544133663177,78.0,0.0008655837059020996,0.0,0.00017410759755875915,0,96.04,0.00010183574929833412,0.9436561465263367,1769403234.0631764,federator,"[[861   6  23  29  12   0  62   1   6   0]
 [  2 975   2   9   5   0   4   0   2   1]
 [ 23   1 843   7  80   0  42   0   3   1]
 [ 35  40  20 840  33   0  26   1   5   0]
 [  2   2 140  33 807   0  12   0   4   0]
 [  7   3   1  20   0 796   0 149   2  22]
 [272   8 183  41 334   0 150   0  11   1]
 [  0   0   0   1   0   5   0 974   0  20]
 [ 42   6  38  37 141   2   4  53 674   3]
 [ 10   0   4   6   8   3   0  88   1 880]]"
10,57,60.2459454536438,0.0021070974588394166,69.25,0.0007123894214630127,0.0,0.0008056234219111502,0,87.54,0.00036849254965782164,0.8302325010299683,1769403234.0631764,federator,"[[914   2  33  33  15   0   1   1   0   1]
 [  2 975   5  14   4   0   0   0   0   0]
 [ 30   0 879   9  82   0   0   0   0   0]
 [ 60  17  19 870  34   0   0   0   0   0]
 [  9   1 154  37 799   0   0   0   0   0]
 [122   1  19 106   9 612   0 117   0  14]
 [326   3 267  48 354   0   2   0   0   0]
 [ 14   0   1  10   1   3   0 951   0  20]
 [102   7 252 120 333   0   0  16 167   3]
 [ 52   0  40  31  39   1   0  81   0 756]]"
10,58,60.26928448677063,0.0009447921335697174,77.88,0.001069458293914795,0.0,2.266740375489462e-05,0,93.07,0.00020194497853517532,0.9085116386413574,1769403234.0631764,federator,"[[839   6  48  34   7   2  56   2   6   0]
 [  1 972   5  11   4   0   4   0   3   0]
 [ 25   0 878   6  44   2  44   0   1   0]
 [ 37  32  15 846  26   0  36   1   7   0]
 [  7   6 197  32 723   0  32   0   3   0]
 [  9   0   8   4   0 898   0  68   2  11]
 [277   4 280  28 229   0 172   0   9   1]
 [  5   0   0   1   1  13   0 943   0  37]
 [ 80   4 144  29 116   4   2  22 597   2]
 [ 11   0   7   1   3   7   0  51   0 920]]"
10,59,61.13362145423889,0.0008431987226009369,77.76,0.0008907961845397949,0.0,0.00013530731666833162,0,95.86,0.00010700808167457581,0.941351056098938,1769403234.0631764,federator,"[[831   4  23  39   6   2  84   0  11   0]
 [  1 972   5  11   3   0   3   0   4   1]
 [ 33   1 757   9  45   0 149   0   6   0]
 [ 24  18   5 875  12   0  45   1  20   0]
 [  3   2 174  49 665   0  86   0  21   0]
 [ 42   2   9   9   0 853   0  57   5  23]
 [255   5 175  36 183   0 329   0  16   1]
 [ 13   0   0   1   2   8   0 928   0  48]
 [ 59   3  92  46 138   3   3  14 634   8]
 [  9   1   4   3   2   5   0  43   1 932]]"
10,60,85.0447142124176,0.0017368196964263915,69.75,0.0006223453044891358,0.0,0.001982388086616993,6,99.97,1.1747874057618902e-06,0.9989748001098633,1769403234.0631764,federator,"[[896   5  57  30  11   0   0   0   1   0]
 [  1 977   6  12   3   0   0   0   1   0]
 [ 17   1 896  11  73   0   1   0   1   0]
 [ 35  23  28 873  41   0   0   0   0   0]
 [  3   1 161  22 813   0   0   0   0   0]
 [109   7 121  42  10 630   0  64   5  12]
 [303   9 306  43 336   0   1   0   2   0]
 [ 41   0  30   7   5   2   0 863   0  52]
 [ 78   4 400 119 181   1   0   6 208   3]
 [ 58   3  50  12  25   1   0  27   6 818]]"
10,61,82.54081511497498,0.0019404204249382018,65.15,0.0006440492630004883,0.0,0.0015956202987581491,6,99.99,4.945859269355424e-07,0.9995498061180115,1769403234.0631764,federator,"[[908   3  34  40  12   0   1   0   2   0]
 [  2 978   3  13   3   0   0   0   1   0]
 [ 30   0 879  13  77   0   0   0   1   0]
 [ 36  18  18 894  33   0   0   0   1   0]
 [  4   1 132  43 819   0   0   0   1   0]
 [372   5  43 125   8 381   0  45   8  13]
 [317   8 238  52 380   0   3   0   2   0]
 [209   0  13  11   2   0   0 738   0  27]
 [190   6 219 140 263   1   0   3 176   2]
 [163   2  15  20  31   0   1  18  11 739]]"
10,62,60.45668816566467,0.0022825583457946777,64.36,0.0006826597213745117,0.0,0.0010845422511920333,0,99.91,3.1220376724377274e-06,0.9978194236755371,1769403234.0631764,federator,"[[918   2  43  28   8   0   0   0   1   0]
 [  3 980   3  10   4   0   0   0   0   0]
 [ 27   0 891   9  73   0   0   0   0   0]
 [ 46  14  22 887  31   0   0   0   0   0]
 [  3   3 153  38 803   0   0   0   0   0]
 [339   8  60 157   4 374   0  41   6  11]
 [329   8 249  39 375   0   0   0   0   0]
 [160   0  13  21   1   0   0 781   0  24]
 [209  13 265 150 244   0   0   1 117   1]
 [182   2  50  13  48   0   0  18   2 685]]"
10,63,59.92133545875549,0.0008831409096717835,77.73,0.000746869421005249,0.0,0.0005706728552468121,0,99.9,4.119279817678034e-06,0.9967735409736633,1769403234.0631764,federator,"[[819   4  34  30   7   1  95   0   9   1]
 [  1 975   4  11   3   0   5   0   1   0]
 [ 20   0 852   9  74   0  41   0   3   1]
 [ 32  23  11 862  30   0  34   0   8   0]
 [  3   3 150  27 788   0  24   0   5   0]
 [ 67   1   9  15   2 806   0  74   1  25]
 [244   4 209  26 322   0 186   0   9   0]
 [ 18   0   1   1   0   3   0 914   0  63]
 [ 38   3 118  53 124   3   2  18 633   8]
 [ 13   0   5   2   6   4   0  31   1 938]]"
10,64,57.79510283470154,0.000865224277973175,77.15,0.0010561457633972168,0.0,2.5895084036164917e-05,0,99.64,1.2699919985607267e-05,0.9907896518707275,1769403234.0631764,federator,"[[740   3  34  31   7   2 164   1  17   1]
 [  3 976   4   8   3   0   5   0   1   0]
 [ 18   0 843   4  45   2  83   0   5   0]
 [ 24  46  11 807  27   0  63   5  17   0]
 [  4   4 200  26 677   0  73   0  16   0]
 [ 15   2   8   6   0 877   0  71   2  19]
 [209   9 226  21 225   2 284   0  22   2]
 [  5   0   2   1   0   7   0 949   0  36]
 [ 22   7 181  25  71   4   8  17 661   4]
 [ 10   1  19   1   3   6   0  59   0 901]]"
10,65,60.36909341812134,0.0019355971693992614,64.05,0.0012357065200805663,0.0,4.299269221519353e-06,0,97.1,7.214811034500599e-05,0.9623159170150757,1769403234.0631764,federator,"[[145   2   5  14   3  14 790   2  25   0]
 [  0 923   0   7   0   5  55   0  10   0]
 [  5   0  75   0   1   5 907   1   6   0]
 [  3  28   1 565   3   9 345   6  37   3]
 [  1   1   8   5  60   3 886   1  35   0]
 [  0   0   0   0   0 947   0  30   1  22]
 [ 20   2  11   9  19   4 900   0  32   3]
 [  0   0   0   0   0  22   0 926   0  52]
 [  3   2  10   8  10  18  23  12 912   2]
 [  0   0   2   0   0   6   1  39   0 952]]"
10,66,58.0679829120636,0.0014323736548423767,67.26,0.0012232671737670898,0.0,4.8687588787288405e-06,0,93.5,0.00017797631174325943,0.9207251667976379,1769403234.0631764,federator,"[[270   2   9   5   2   9 678   2  22   1]
 [  0 929   1   2   1   2  53   0  12   0]
 [  9   0 280   0   6   7 687   0  10   1]
 [  4  25   3 451   1   2 457   9  44   4]
 [  1   1  64   3 235   1 654   1  40   0]
 [  0   1   0   1   0 949   0  36   1  12]
 [ 52   0  46   4  32   2 817   0  44   3]
 [  0   0   0   0   0  20   0 956   0  24]
 [  4   3  16   7  14  13   9  23 910   1]
 [  0   0   2   0   0  10   0  58   1 929]]"
10,67,60.06297731399536,0.002181874084472656,67.83,0.0007946428298950195,0.0,0.00035392402787692845,0,90.07,0.00029281529784202576,0.8590906262397766,1769403234.0631764,federator,"[[888   3  68  31   8   1   1   0   0   0]
 [  4 972   8  14   2   0   0   0   0   0]
 [ 13   1 938  10  37   0   1   0   0   0]
 [ 41  13  34 881  29   0   2   0   0   0]
 [  9   2 259  42 688   0   0   0   0   0]
 [ 83   2 164  80   6 592   0  54   0  19]
 [311   4 414  38 227   0   6   0   0   0]
 [ 13   0  12  12   9   7   0 910   0  37]
 [ 77   8 399  56 290   1   0  14 148   7]
 [ 22   0 135  13  26   1   0  43   0 760]]"
10,68,58.05225706100464,0.0020079672694206237,65.22,0.001340714168548584,0.0,1.504362330706499e-06,0,88.9,0.0003237364858388901,0.859595775604248,1769403234.0631764,federator,"[[170   3   4  11   2  12 778   0  20   0]
 [  0 952   0   3   1   3  29   0  12   0]
 [  6   0  79   1   6  12 877   0  18   1]
 [  2  30   1 542   2   6 370   5  39   3]
 [  1   4   5   9 151   5 777   2  46   0]
 [  0   1   0   1   0 943   0  42   1  12]
 [ 27   1   9   9  27   3 881   0  41   2]
 [  2   0   0   0   0  16   0 951   0  31]
 [  3   1   2  10   8  20  12  26 918   0]
 [  0   0   0   0   0  14   1  49   1 935]]"
10,69,60.83610701560974,0.0009267852604389191,78.99,0.001344447422027588,0.0,1.449235355721612e-06,0,53.54,0.0014413045167922973,0.5119355320930481,1769403234.0631764,federator,"[[872   7  33  42   7   3  29   0   6   1]
 [  1 981   3   9   3   1   1   0   1   0]
 [ 35   0 837  11  76   2  36   1   2   0]
 [ 40  33  13 868  22   0  18   4   2   0]
 [  6   6 127  46 790   1  19   0   4   1]
 [  8   1   0   6   0 881   0  89   0  15]
 [291   9 215  43 284   2 143   0  11   2]
 [  5   0   0   1   0  16   0 951   0  27]
 [ 67   4  80  63  81   8   1  29 664   3]
 [  8   0   3   0  11  13   0  52   1 912]]"
10,70,83.07495212554932,0.0013835935235023498,67.05,0.0012484994888305664,0.0,3.7829927350685466e-06,6,100.0,3.5476597477099856e-07,0.9996684789657593,1769403234.0631764,federator,"[[317   5   8   7   1   7 631   6  18   0]
 [  0 963   0   3   0   3  23   0   8   0]
 [  7   0 204   0  10   7 753   2  16   1]
 [  3  56   2 461   2   5 412  21  34   4]
 [  1   5  16   4 261   5 660   6  42   0]
 [  0   1   0   0   0 880   0 106   1  12]
 [ 55   2  40   3  37   6 820   1  34   2]
 [  1   0   0   1   0   4   0 976   0  18]
 [  4   3   5   4  11  17   7  35 914   0]
 [  0   0   2   0   2   7   0  79   1 909]]"
10,71,81.00133681297302,0.0007067532539367676,79.78,0.0011554407119750976,0.0,9.593671165930573e-06,6,100.0,7.344108380493708e-07,0.999350368976593,1769403234.0631764,federator,"[[828   7  22  27   4   3 104   0   5   0]
 [  0 974   2  10   5   0   8   0   1   0]
 [ 21   1 756   4  66   1 142   1   7   1]
 [ 34  45   9 785  39   0  78   1   9   0]
 [  2   2 130  11 779   0  60   0  16   0]
 [  4   1   1   2   1 874   0 100   2  15]
 [239   5 175  25 223   1 311   0  21   0]
 [  2   0   0   1   0   5   0 964   0  28]
 [ 28   4  39  28  61   4   4  20 812   0]
 [  8   0   7   1  17   7   0  64   1 895]]"
10,72,59.87839365005493,0.0008977232754230499,77.42,0.0010770309448242187,0.0,2.101426071021706e-05,0,99.7,8.738918881863355e-06,0.9940503835678101,1769403234.0631764,federator,"[[841   7  37  36   5   2  69   0   3   0]
 [  1 980   3  11   3   0   2   0   0   0]
 [ 19   1 889   7  40   1  39   0   3   1]
 [ 28  34  17 871  17   0  33   0   0   0]
 [  4   6 243  42 671   0  32   0   1   1]
 [  3   3   5  16   0 909   0  46   1  17]
 [260   7 310  43 190   2 183   0   5   0]
 [  3   0   2   4   0  13   0 933   0  45]
 [ 61  11  93 122 130   2   1  17 560   3]
 [ 10   0  17   3   7   7   0  50   1 905]]"
10,73,61.070162534713745,0.001864249300956726,62.18,0.001225568675994873,0.0,4.757982878800249e-06,0,94.45,0.00016544649749994277,0.9344398379325867,1769403234.0631764,federator,"[[161   0   3   5   1  11 804   2  13   0]
 [  0 870   1   1   0   3 100   0  25   0]
 [  9   0  85   0   3   3 881   0  19   0]
 [  2   5   1 387   0   2 541   3  59   0]
 [  1   0   8   4  77   1 881   1  27   0]
 [  0   0   0   0   0 936   0  38   2  24]
 [ 31   0  17   2   8   2 909   0  30   1]
 [  3   0   0   1   0  15   0 894   0  87]
 [ 14   1   5   5  15   7  21   7 924   1]
 [  0   0   1   0   0   4   2  17   1 975]]"
10,74,59.616302490234375,0.0008532944440841674,78.09,0.0010979576110839843,0.0,1.7046315406332724e-05,0,94.91,0.00014060662239789962,0.9291053414344788,1769403234.0631764,federator,"[[875   6  17  10  14   5  68   0   4   1]
 [  1 978   2  10   4   0   3   0   2   0]
 [ 32   0 798   5  82   0  76   0   3   4]
 [ 55  40  12 752  58   0  66   2  15   0]
 [  2   4 143   6 796   0  41   0   8   0]
 [ 13   3   1   0   1 909   0  53   1  19]
 [295   6 183  12 291   1 199   0  13   0]
 [ 10   0   0   1   0  13   0 915   0  61]
 [ 51   5  50  15 192   5   1  10 670   1]
 [ 12   0   5   0  19   4   0  42   1 917]]"
10,75,58.657556772232056,0.0021095542311668396,63.15,0.0012701562881469726,0.0,3.0463613711617654e-06,0,94.64,0.00014552179425954818,0.9357076287269592,1769403234.0631764,federator,"[[140   0   4   4   3   7 822   2  18   0]
 [  1 915   0   3   0   0  72   0   9   0]
 [  9   0  63   0   4   4 906   1  12   1]
 [  2  30   1 482   2   1 416   9  55   2]
 [  1   0   6   6  65   0 888   1  33   0]
 [  0   1   0   0   0 925   0  60   0  14]
 [ 22   2  13   4  10   1 916   1  30   1]
 [  0   0   0   1   0  11   0 964   0  24]
 [  6   1   2  11  10  10  23  20 917   0]
 [  0   0   1   0   0   7   0  63   1 928]]"
10,76,58.60687208175659,0.004850614166259766,53.99,0.0012217629432678223,0.0,4.942550276609836e-06,0,83.26,0.0005880518019199372,0.8152503371238708,1769403234.0631764,federator,"[[ 11   0   1   0   0  10 955   2  21   0]
 [  0 576   0   0   0   0 383   0  41   0]
 [  0   0   1   0   0   5 981   0  13   0]
 [  0   2   0  34   0   2 798  15 143   6]
 [  0   0   0   0   0   0 984   0  16   0]
 [  0   0   0   0   0 943   0  34   1  22]
 [  1   0   0   0   0   0 976   0  23   0]
 [  0   0   0   0   0  11   0 950   1  38]
 [  2   1   0   1   0   8  32   5 951   0]
 [  0   0   0   0   0   6   1  36   0 957]]"
10,77,59.45333528518677,0.0022131367921829222,71.77,0.0008110779762268066,0.0,0.0003002845332957804,0,76.88,0.000694350689649582,0.7300552725791931,1769403234.0631764,federator,"[[866   2  62  60   8   0   0   1   1   0]
 [  3 967   6  21   3   0   0   0   0   0]
 [ 22   0 921  12  45   0   0   0   0   0]
 [ 26   6  25 912  31   0   0   0   0   0]
 [  4   2 225  45 723   0   0   0   1   0]
 [ 43   5  33  98   0 682   0 122   0  17]
 [304   4 357  57 275   1   1   0   1   0]
 [  6   0   1   4   1   7   0 948   0  33]
 [ 55   3 246 164 221   3   0  17 288   3]
 [ 29   0  26   8  18   6   0  44   0 869]]"
10,78,61.28005075454712,0.0024467745780944825,66.62,0.0008348073959350586,0.0,0.00023685224005021155,0,76.9,0.0007201766908168793,0.7330029010772705,1769403234.0631764,federator,"[[912   2  36  41   9   0   0   0   0   0]
 [  3 974   6  13   4   0   0   0   0   0]
 [ 33   0 893  12  62   0   0   0   0   0]
 [ 37  21  22 871  48   0   1   0   0   0]
 [ 13   4 184  23 776   0   0   0   0   0]
 [439  18  20  76   2 367   0  67   0  11]
 [352   5 289  34 318   0   2   0   0   0]
 [ 46   0   3  18   2   1   0 906   0  24]
 [ 97   8 228 200 270   0   0   9 186   2]
 [ 83   2  33  13  34   1   0  57   2 775]]"
10,79,59.9864387512207,0.0024219345569610595,65.96,0.0010989517211914062,0.0,1.6877700545592234e-05,0,66.42,0.0010411552906036377,0.638532280921936,1769403234.0631764,federator,"[[913   5  34  24  23   0   0   0   0   1]
 [  2 974   3  15   6   0   0   0   0   0]
 [ 32   0 832  11 125   0   0   0   0   0]
 [ 48  27  19 824  82   0   0   0   0   0]
 [  6   2  92  10 890   0   0   0   0   0]
 [445  14  23  37   7 409   0  60   0   5]
 [334   5 211  28 420   0   2   0   0   0]
 [ 72   0   4   6   7   3   0 898   0  10]
 [118  15 199  70 430   0   0   2 165   1]
 [114   1  17   3  95   5   0  75   1 689]]"
